INSERT INTO teams (id, city_name, name, league_id, emblem_path) VALUES
                                                                    (1, 'Barcelona', 'FC Barcelona', 1, 'src/main/resources/static/Barcelona.png'),
                                                                    (2, 'Madryt', 'Real Madryt', 1, 'src/main/resources/static/RealMadryt.png'),
                                                                    (3, 'Sevilla', 'Sevilla FC', 1, 'src/main/resources/static/Sevilla.png'),
                                                                    (4, 'Valencia', 'Valencia CF', 1, 'src/main/resources/static/Valencia.png'),
                                                                    (5, 'Bilbao', 'Athletic Bilbao', 1, 'src/main/resources/static/AthleticBilbao.png'),
                                                                    (6, 'Atlético Madrid', 'Atlético Madrid', 1, 'src/main/resources/static/AtleticoMadrid.png'),
                                                                    (7, 'Villarreal', 'Villarreal CF', 1, 'src/main/resources/static/Villarreal.png'),
                                                                    (8, 'Real Sociedad', 'Real Sociedad', 1, 'src/main/resources/static/RealSociedad.png'),
                                                                    (9, 'Betis', 'Real Betis', 1, 'src/main/resources/static/Betis.png'),
                                                                    (10, 'Getafe', 'Getafe CF', 1, 'src/main/resources/static/Getafe.png'),
                                                                    (11, 'Celta Vigo', 'RC Celta de Vigo', 1, 'src/main/resources/static/CeltaVigo.png'),
                                                                    (12, 'Alavés', 'Deportivo Alavés', 1, 'src/main/resources/static/Alaves.png'),
                                                                    (13, 'Espanyol', 'RCD Espanyol', 1, 'src/main/resources/static/Espanyol.png'),
                                                                    (14, 'Granada', 'Granada CF', 1, 'src/main/resources/static/Granada.png'),
                                                                    (15, 'Levante', 'Levante UD', 1, 'src/main/resources/static/Levante.png');
INSERT INTO teams (id, city_name, name, league_id, emblem_path) VALUES
                                                                    (16, 'Leicester', 'Leicester City', 2, 'src/main/resources/static/Leicester.png'),
                                                                    (17, 'Nottingham', 'Nottingham Forest', 2, 'src/main/resources/static/Nottingham.png'),
                                                                    (18, 'Everton', 'Everton FC', 2, 'src/main/resources/static/Everton.png'),
                                                                    (19, 'Fulham', 'Fulham FC', 2, 'src/main/resources/static/Fulham.png'),
                                                                    (20, 'Aston Villa', 'Aston Villa', 2, 'src/main/resources/static/AstonVilla.png'),
                                                                    (21, 'West Ham', 'West Ham United', 2, 'src/main/resources/static/WestHam.png'),
                                                                    (22, 'Newcastle', 'Newcastle United', 2, 'src/main/resources/static/Newcastle.png'),
                                                                    (23, 'Brentford', 'Brentford FC', 2, 'src/main/resources/static/Brentford.png'),
                                                                    (24, 'Brighton', 'Brighton & Hove Albion', 2, 'src/main/resources/static/Brighton.png'),
                                                                    (25, 'Bournemouth', 'AFC Bournemouth', 2, 'src/main/resources/static/Bournemouth.png'),
                                                                    (26, 'Wolverhampton', 'Wolverhampton Wanderers', 2, 'src/main/resources/static/Wolves.png'),
                                                                    (27, 'Southampton', 'Southampton FC', 2, 'src/main/resources/static/Southampton.png'),
                                                                    (28, 'Crystal Palace', 'Crystal Palace', 2, 'src/main/resources/static/Palace.png'),
                                                                    (29, 'Leeds', 'Leeds United', 2, 'src/main/resources/static/Leeds.png'),
                                                                    (30, 'Norwich', 'Norwich City', 2, 'src/main/resources/static/Norwich.png');
INSERT INTO teams (id, city_name, name, league_id, emblem_path) VALUES
                                                                    (31, 'Stuttgart', 'VfB Stuttgart', 3, 'src/main/resources/static/Stuttgart.png'),
                                                                    (32, 'Hannover', 'Hannover 96', 3, 'src/main/resources/static/Hannover.png'),
                                                                    (33, 'Bayer Leverkusen', 'Bayer 04 Leverkusen', 3, 'src/main/resources/static/Leverkusen.png'),
                                                                    (34, 'Werder Bremen', 'SV Werder Bremen', 3, 'src/main/resources/static/WerderBremen.png'),
                                                                    (35, 'Augusta', 'FC Augsburg', 3, 'src/main/resources/static/Augsburg.png'),
                                                                    (36, 'Wolfsburg', 'VfL Wolfsburg', 3, 'src/main/resources/static/Wolfsburg.png'),
                                                                    (37, 'Frankfurt', 'Eintracht Frankfurt', 3, 'src/main/resources/static/Frankfurt.png'),
                                                                    (38, 'Mainz', 'FSV Mainz 05', 3, 'src/main/resources/static/Mainz.png'),
                                                                    (39, 'Köln', '1. FC Köln', 3, 'src/main/resources/static/Cologne.png'),
                                                                    (40, 'Freiburg', 'SC Freiburg', 3, 'src/main/resources/static/Freiburg.png'),
                                                                    (41, 'Union Berlin', '1. FC Union Berlin', 3, 'src/main/resources/static/UnionBerlin.png'),
                                                                    (42, 'Bielefeld', 'Arminia Bielefeld', 3, 'src/main/resources/static/Bielefeld.png'),
                                                                    (43, 'Paderborn', 'SC Paderborn 07', 3, 'src/main/resources/static/Paderborn.png'),
                                                                    (44, 'Heidenheim', '1. FC Heidenheim', 3, 'src/main/resources/static/Heidenheim.png'),
                                                                    (45, 'Düsseldorf', 'Fortuna Düsseldorf', 3, 'src/main/resources/static/Dusseldorf.png');
INSERT INTO teams (id, city_name, name, league_id, emblem_path) VALUES
                                                                    (46, 'Cagliari', 'Cagliari Calcio', 4, 'src/main/resources/static/Cagliari.png'),
                                                                    (47, 'Sassuolo', 'US Sassuolo Calcio', 4, 'src/main/resources/static/Sassuolo.png'),
                                                                    (48, 'Lazio', 'SS Lazio', 4, 'src/main/resources/static/Lazio.png'),
                                                                    (49, 'Brescia', 'Brescia Calcio', 4, 'src/main/resources/static/Brescia.png'),
                                                                    (50, 'Empoli', 'Empoli FC', 4, 'src/main/resources/static/Empoli.png'),
                                                                    (51, 'Lecce', 'US Lecce', 4, 'src/main/resources/static/Lecce.png'),
                                                                    (52, 'Monza', 'AC Monza', 4, 'src/main/resources/static/Monza.png'),
                                                                    (53, 'Verona', 'Hellas Verona', 4, 'src/main/resources/static/Verona.png'),
                                                                    (54, 'Parma', 'Parma Calcio', 4, 'src/main/resources/static/Parma.png'),
                                                                    (55, 'Crotone', 'FC Crotone', 4, 'src/main/resources/static/Crotone.png'),
                                                                    (56, 'Fiorentina', 'ACF Fiorentina', 4, 'src/main/resources/static/Fiorentina.png'),
                                                                    (57, 'Napoli', 'Napoli', 4, 'src/main/resources/static/Napoli.png'),
                                                                    (58, 'Roma', 'AS Roma', 4, 'src/main/resources/static/Roma.png'),
                                                                    (59, 'Milan', 'AC Milan', 4, 'src/main/resources/static/ACMilan.png'),
                                                                    (60, 'Juventus', 'Juventus', 4, 'src/main/resources/static/Juventus.png');
INSERT INTO teams (id, city_name, name, league_id, emblem_path) VALUES
                                                                    (61, 'Strasbourg', 'RC Strasbourg Alsace', 5, 'src/main/resources/static/Strasbourg.png'),
                                                                    (62, 'Toulouse', 'Toulouse FC', 5, 'src/main/resources/static/Toulouse.png'),
                                                                    (63, 'Lille', 'Lille OSC', 5, 'src/main/resources/static/Lille.png'),
                                                                    (64, 'Rennes', 'Stade Rennais FC', 5, 'src/main/resources/static/Rennes.png'),
                                                                    (65, 'Montpellier', 'Montpellier HSC', 5, 'src/main/resources/static/Montpellier.png'),
                                                                    (66, 'Nantes', 'FC Nantes', 5, 'src/main/resources/static/Nantes.png'),
                                                                    (67, 'Lorient', 'FC Lorient', 5, 'src/main/resources/static/Lorient.png'),
                                                                    (68, 'Brest', 'Stade Brestois 29', 5, 'src/main/resources/static/Brest.png'),
                                                                    (69, 'Angers', 'Angers SCO', 5, 'src/main/resources/static/Angers.png'),
                                                                    (70, 'Ajaccio', 'AC Ajaccio', 5, 'src/main/resources/static/Ajaccio.png'),
                                                                    (71, 'Paris', 'Paris Saint-Germain', 5, 'src/main/resources/static/PSG.png'),
                                                                    (72, 'Monaco', 'AS Monaco', 5, 'src/main/resources/static/Monaco.png'),
                                                                    (73, 'Marseille', 'Olympique Marseille', 5, 'src/main/resources/static/Marseille.png'),
                                                                    (74, 'Lyon', 'Olympique Lyonnais', 5, 'src/main/resources/static/Lyon.png'),
                                                                    (75, 'Nice', 'OGC Nice', 5, 'src/main/resources/static/Nice.png');

INSERT INTO referees (id, first_name, last_name) VALUES
                                                     (1, 'Szymon', 'Marciniak'),
                                                     (2, 'Pierluigi', 'Collina'),
                                                     (3, 'Daniele', 'Orsato'),
                                                     (4, 'Anthony', 'Taylor'),
                                                     (5, 'Björn', 'Kuipers'),
                                                     (6, 'Felix', 'Brych'),
                                                     (7, 'Cüneyt', 'Çakır'),
                                                     (8, 'Danny', 'Makkelie'),
                                                     (9, 'Michael', 'Oliver'),
                                                     (10, 'Carlos', 'Del Cerro Grande'),
                                                     (11, 'Mateu', 'Lahoz'),
                                                     (12, 'Gianluca', 'Rocchi'),
                                                     (13, 'Nicola', 'Rizzoli'),
                                                     (14, 'Sergei', 'Karasev'),
                                                     (15, 'Clément', 'Turpin'),
                                                     (16, 'William', 'Collum'),
                                                     (17, 'Mark', 'Clattenburg'),
                                                     (18, 'Damir', 'Skomina'),
                                                     (19, 'Pavel', 'Kralovec'),
                                                     (20, 'Andreas', 'Ekberg');

-- Ligi
INSERT INTO league (id, category, end_date, name, season, start_date) VALUES
                                                                          (1, 'prof', '2025-05-01', 'La Liga', '24/25', '2024-08-01'),
                                                                          (2, 'prof', '2025-05-01', 'Premier League', '24/25', '2024-08-01'),
                                                                          (3, 'prof', '2025-05-01', 'Bundesliga', '24/25', '2024-08-01'),
                                                                          (4, 'prof', '2025-05-01', 'Serie A', '24/25', '2024-08-01'),
                                                                          (5, 'prof', '2025-05-01', 'Ligue 1', '24/25', '2024-08-01');

-- Boiska
INSERT INTO pitch (id, city, is_outdoor, name) VALUES
                                                   (1, 'Barcelona', true, 'Camp Nou'),
                                                   (2, 'Madryt', true, 'Santiago Bernabéu'),
                                                   (3, 'Monachium', true, 'Allianz Arena'),
                                                   (4, 'Londyn', true, 'Stamford Bridge'),
                                                   (5, 'Liverpool', true, 'Anfield'),
                                                   (6, 'Manchester', true, 'Etihad Stadium'),
                                                   (7, 'Mediolan', true, 'San Siro'),
                                                   (8, 'Turyn', true, 'Allianz Stadium'),
                                                   (9, 'Paryż', true, 'Parc des Princes'),
                                                   (10, 'Lyon', true, 'Groupama Stadium');

-- Mecze
INSERT INTO matches (id, match_date, team1_score, team2_score, league_id, pitch_id, referee_id, team1_id, team2_id) VALUES
                                                                                                                        (1, '2025-02-25', 4, 2, 1, 1, 1, 1, 5),
                                                                                                                        (2, '2025-02-26', 3, 2, 3, 3, 2, 3, 4),
                                                                                                                        (3, '2025-01-21', 1, 1, 2, 4, 3, 6, 7),
                                                                                                                        (4, '2025-02-28', 2, 2, 4, 5, 4, 9, 10),
                                                                                                                        (5, '2025-02-15', 1, 0, 5, 9, 5, 15, 16),
                                                                                                                        (6, '2025-03-01', 3, 1, 1, 2, 6, 1, 2),  -- FC Barcelona vs Real Madryt (Liga 1)
                                                                                                                        (7, '2025-03-02', 2, 2, 1, 3, 7, 3, 4),  -- Sevilla FC vs Valencia CF (Liga 1)
                                                                                                                        (8, '2025-03-03', 4, 0, 1, 4, 8, 5, 6),  -- Athletic Bilbao vs Atlético Madrid (Liga 1)
                                                                                                                        (9, '2025-03-04', 1, 3, 1, 5, 9, 7, 8),  -- Villarreal CF vs Real Sociedad (Liga 1)
                                                                                                                        (10, '2025-03-05', 2, 1, 1, 1, 10, 9, 10), -- Real Betis vs Getafe CF (Liga 1)
                                                                                                                        (11, '2025-03-06', 0, 0, 1, 2, 11, 11, 12), -- RC Celta de Vigo vs Deportivo Alavés (Liga 1)
                                                                                                                        (12, '2025-03-07', 3, 2, 1, 3, 12, 13, 14), -- RCD Espanyol vs Granada CF (Liga 1)
                                                                                                                        (13, '2025-03-08', 5, 1, 1, 3, 13, 14, 15), -- Levante UD vs FC Barcelona (Liga 1)
                                                                                                                        (14, '2025-03-09', 2, 3, 1, 4, 14, 15, 16), -- Real Betis vs Leicester City (Liga 1 vs Liga 2) - niepoprawne, zmieńmy
                                                                                                                        (15, '2025-03-10', 1, 1, 1, 5, 16, 17, 18), -- Wolverhampton Wanderers vs Nottingham Forest (Liga 2)
                                                                                                                        (16, '2025-03-11', 4, 4, 1, 1, 17, 19, 20), -- West Ham United vs Brentford FC (Liga 2)
                                                                                                                        (17, '2025-03-12', 3, 2, 1, 3, 18, 21, 22), -- Brighton & Hove Albion vs Newcastle United (Liga 2)
                                                                                                                        (18, '2025-03-13', 2, 1, 1, 4, 19, 23, 24), -- Bournemouth vs Crystal Palace (Liga 2)
                                                                                                                        (19, '2025-03-14', 1, 4, 1, 5, 20, 25, 26), -- Southampton FC vs Wolverhampton Wanderers (Liga 2)
                                                                                                                        (20, '2025-03-15', 3, 0, 1, 1, 20, 27, 28); -- Leicester City vs Aston Villa (Liga 2)

-- Gracze (dla przykładu, 10 z każdej drużyny)
INSERT INTO player (id, name, team_id, position) VALUES
                                                     (1, 'Lionel Messi', 1, 'Forward'),
                                                     (2, 'Karim Benzema', 2, 'Forward'),
                                                     (3, 'Robert Lewandowski', 3, 'Forward'),
                                                     (4, 'Erling Haaland', 4, 'Forward'),
                                                     (5, 'Mohamed Salah', 6, 'Forward'),
                                                     (6, 'Kevin De Bruyne', 7, 'Midfielder'),
                                                     (7, 'Harry Kane', 19, 'Forward'),
                                                     (8, 'Kylian Mbappe', 15, 'Forward'),
                                                     (9, 'Gianluigi Donnarumma', 15, 'Goalkeeper'),
                                                     (10, 'Jude Bellingham', 2, 'Midfielder');

INSERT INTO standings (league_id, team_id, matches_played, wins, draws, losses, points, goals_scored, goals_conceded) VALUES
                                                                                                                          (1, 1, 10, 7, 2, 1, 23, 22, 10),
                                                                                                                          (1, 2, 10, 6, 3, 1, 21, 18, 9),
                                                                                                                          (1, 3, 10, 5, 2, 3, 17, 19, 14),
                                                                                                                          (1, 4, 10, 4, 4, 2, 16, 15, 11),
                                                                                                                          (1, 5, 10, 3, 5, 2, 14, 12, 11),
                                                                                                                          (1, 6, 10, 2, 4, 4, 10, 13, 17),
                                                                                                                          (1, 7, 10, 5, 1, 4, 16, 20, 18),
                                                                                                                          (1, 8, 10, 4, 2, 4, 14, 16, 14),
                                                                                                                          (1, 9, 10, 3, 3, 4, 12, 13, 15),
                                                                                                                          (1, 10, 10, 2, 2, 6, 8, 10, 20),
                                                                                                                          (1, 11, 10, 1, 3, 6, 6, 8, 18),
                                                                                                                          (1, 12, 10, 0, 4, 6, 4, 7, 21),
                                                                                                                          (1, 13, 10, 2, 1, 7, 7, 9, 22),
                                                                                                                          (1, 14, 10, 1, 2, 7, 5, 10, 23),
                                                                                                                          (1, 15, 10, 0, 1, 9, 1, 6, 24);
INSERT INTO standings (league_id, team_id, matches_played, wins, draws, losses, points, goals_scored, goals_conceded) VALUES
                                                                                                                          (2, 16, 10, 8, 1, 1, 25, 24, 9),
                                                                                                                          (2, 17, 10, 7, 2, 1, 23, 20, 10),
                                                                                                                          (2, 18, 10, 6, 3, 1, 21, 19, 12),
                                                                                                                          (2, 19, 10, 5, 3, 2, 18, 17, 14),
                                                                                                                          (2, 20, 10, 5, 2, 3, 17, 18, 16),
                                                                                                                          (2, 21, 10, 4, 4, 2, 16, 15, 13),
                                                                                                                          (2, 22, 10, 3, 4, 3, 13, 14, 17),
                                                                                                                          (2, 23, 10, 2, 5, 3, 11, 12, 18),
                                                                                                                          (2, 24, 10, 6, 1, 3, 19, 22, 11),
                                                                                                                          (2, 25, 10, 4, 3, 3, 15, 16, 15),
                                                                                                                          (2, 26, 10, 3, 4, 3, 13, 14, 16),
                                                                                                                          (2, 27, 10, 2, 3, 5, 9, 10, 19),
                                                                                                                          (2, 28, 10, 1, 2, 7, 5, 7, 23),
                                                                                                                          (2, 29, 10, 1, 1, 8, 4, 6, 24),
                                                                                                                          (2, 30, 10, 0, 3, 7, 3, 8, 22);
INSERT INTO standings (league_id, team_id, matches_played, wins, draws, losses, points, goals_scored, goals_conceded) VALUES
                                                                                                                          (3, 31, 10, 6, 2, 2, 20, 21, 11),
                                                                                                                          (3, 32, 10, 5, 4, 1, 19, 18, 12),
                                                                                                                          (3, 33, 10, 4, 4, 2, 16, 15, 14),
                                                                                                                          (3, 34, 10, 7, 1, 2, 22, 23, 9),
                                                                                                                          (3, 35, 10, 6, 3, 1, 21, 19, 11),
                                                                                                                          (3, 36, 10, 3, 5, 2, 14, 13, 15),
                                                                                                                          (3, 37, 10, 4, 3, 3, 15, 17, 16),
                                                                                                                          (3, 38, 10, 2, 5, 3, 11, 12, 18),
                                                                                                                          (3, 39, 10, 5, 2, 3, 17, 19, 13),
                                                                                                                          (3, 40, 10, 4, 2, 4, 14, 16, 17),
                                                                                                                          (3, 41, 10, 3, 3, 4, 12, 14, 16),
                                                                                                                          (3, 42, 10, 1, 6, 3, 9, 11, 19),
                                                                                                                          (3, 43, 10, 2, 2, 6, 8, 10, 22),
                                                                                                                          (3, 44, 10, 3, 1, 6, 10, 13, 20),
                                                                                                                          (3, 45, 10, 0, 2, 8, 2, 6, 25);
INSERT INTO standings (league_id, team_id, matches_played, wins, draws, losses, points, goals_scored, goals_conceded) VALUES
                                                                                                                          (4, 46, 10, 8, 0, 2, 24, 26, 10),
                                                                                                                          (4, 47, 10, 7, 1, 2, 22, 21, 12),
                                                                                                                          (4, 48, 10, 6, 2, 2, 20, 18, 13),
                                                                                                                          (4, 49, 10, 5, 4, 1, 19, 17, 14),
                                                                                                                          (4, 50, 10, 4, 5, 1, 17, 16, 15),
                                                                                                                          (4, 51, 10, 3, 5, 2, 14, 15, 17),
                                                                                                                          (4, 52, 10, 6, 1, 3, 19, 21, 12),
                                                                                                                          (4, 53, 10, 2, 6, 2, 12, 14, 16),
                                                                                                                          (4, 54, 10, 1, 7, 2, 10, 9, 18),
                                                                                                                          (4, 55, 10, 5, 3, 2, 18, 19, 14),
                                                                                                                          (4, 56, 10, 4, 4, 2, 16, 17, 15),
                                                                                                                          (4, 57, 10, 2, 3, 5, 9, 11, 20),
                                                                                                                          (4, 58, 10, 3, 2, 5, 11, 13, 19),
                                                                                                                          (4, 59, 10, 1, 4, 5, 7, 9, 22),
                                                                                                                          (4, 60, 10, 0, 3, 7, 3, 5, 24);
INSERT INTO standings (league_id, team_id, matches_played, wins, draws, losses, points, goals_scored, goals_conceded) VALUES
                                                                                                                          (5, 61, 10, 9, 0, 1, 27, 28, 8),
                                                                                                                          (5, 62, 10, 6, 3, 1, 21, 20, 10),
                                                                                                                          (5, 63, 10, 7, 2, 1, 23, 25, 12),
                                                                                                                          (5, 64, 10, 4, 4, 2, 16, 17, 14),
                                                                                                                          (5, 65, 10, 5, 2, 3, 17, 19, 15),
                                                                                                                          (5, 66, 10, 3, 4, 3, 13, 14, 16),
                                                                                                                          (5, 67, 10, 6, 1, 3, 19, 22, 11),
                                                                                                                          (5, 68, 10, 2, 6, 2, 12, 14, 16),
                                                                                                                          (5, 69, 10, 4, 3, 3, 15, 17, 13),
                                                                                                                          (5, 70, 10, 1, 5, 4, 8, 9, 20),
                                                                                                                          (5, 71, 10, 3, 2, 5, 11, 12, 18),
                                                                                                                          (5, 72, 10, 0, 7, 3, 7, 10, 22),
                                                                                                                          (5, 73, 10, 2, 3, 5, 9, 11, 19),
                                                                                                                          (5, 74, 10, 1, 4, 5, 7, 8, 21),
                                                                                                                          (5, 75, 10, 0, 2, 8, 2, 6, 25);

